ProteinID,Site,Sequon,Species,TaxonID,GeneName,seq21
sp|A2T3P0|NSP2_ROTSH,14,NDS,,,,LACFCYPHLENDSYKFIPFNN
sp|A2T3P0|NSP2_ROTSH,97,NVS,,,,ALNSLKVTQANVSNVLSRVVS
sp|A2T3P5|VP7_ROTSH,69,NST,,,,ITGSMDTAYANSTQEETFLTS
sp|A2T3Q9|NSP5_ROTSH,20,NES,,,,LPSIPSTIYKNESSSTTSTLS
sp|A2T3S5|VP3_ROTSH,37,NLT,,,,DSYENAFLISNLTTHNILYLN
sp|A2T3S5|VP3_ROTSH,47,NYS,,,,NLTTHNILYLNYSIKTLEILN
sp|A2T3S5|VP3_ROTSH,57,NKS,,,,NYSIKTLEILNKSGIAAIALQ
sp|A2T3S5|VP3_ROTSH,79,NFT,,,,LEELFTLIRCNFTYDYELDII
sp|A2T3S5|VP3_ROTSH,130,NGS,,,,PGWKLTYVGYNGSETRGHYNF
sp|A2T3S5|VP3_ROTSH,139,NFS,,,,YNGSETRGHYNFSFKCQNAAT
sp|A2T3S5|VP3_ROTSH,213,NES,,,,HKNVVNVGPRNESMFTFLNYP
sp|A2T3S5|VP3_ROTSH,454,NDS,,,,IQQPFKVKVLNDSYIVALYAL
sp|A2T3S5|VP3_ROTSH,470,NRS,,,,ALYALSNDFNNRSEVIKLINN
sp|A2T3S5|VP3_ROTSH,491,NNT,,,,QKQSLITVRINNTFKDEPKVG
sp|A2T3S5|VP3_ROTSH,565,NHT,,,,DKYYKLDQFANHTSISRRSHQ
sp|A2T3S5|VP3_ROTSH,623,NYS,,,,VYNALIYYRYNYSFDLKRWIY
sp|A2T3S5|VP3_ROTSH,766,NVS,,,,YMLSDGIYVANVSGVLSTYFK
sp|A2T3T2|VP4_ROTSH,32,NVT,,,,IQEIGSTKSQNVTINPGPFAQ
sp|A2T3T2|VP4_ROTSH,56,NDS,,,,APVNWGPGEINDSTTVEPLLD
sp|A2T3T2|VP4_ROTSH,97,NNT,,,,TTPGVIVEGTNNTDRWLATIL
sp|A2T3T2|VP4_ROTSH,116,NRT,,,,ILIEPNVQSENRTYTIFGIQE
sp|A2T3T2|VP4_ROTSH,132,NTS,,,,FGIQEQLTVSNTSQDQWKFID
sp|A2T3T2|VP4_ROTSH,149,NGS,,,,KFIDVVKTTANGSIGQYGPLL
sp|A2T3T2|VP4_ROTSH,198,NMT,,,,HYSTTNYDSVNMTAFCDFYII
sp|A2T3T2|VP4_ROTSH,386,NFS,,,,NSVMCTGGSYNFSLPVGQWPV
sp|A2T3Q0|NSP4_ROTSH,8,NYT,,,,ZZZMEKLTDLNYTLSVITLMN
sp|A2T3Q0|NSP4_ROTSH,18,NNT,,,,NYTLSVITLMNNTLHTILEDP
sp|A2T3M4|NSP1_ROTSH,191,NFT,,,,EFDKLLLDDINFTRMSNLPIE
sp|A2T3M4|NSP1_ROTSH,250,NVT,,,,TKTPGRSIYRNVTEFNWRDEL
sp|A2T3M4|NSP1_ROTSH,318,NAS,,,,PNYVASNHPGNASDIQYCKWC
sp|A2T3M4|NSP1_ROTSH,416,NIS,,,,TNVIMLILGLNISLYNEIKRT
sp|A2T3R5|VP2_ROTSH,31,NDS,,,,QEKEDSKNINNDSPKSQLSEK
sp|A2T3R5|VP2_ROTSH,592,NAT,,,,SVTSLCMLIGNATVIPSPQTL
sp|A2T3R5|VP2_ROTSH,847,NLT,,,,FRASMHMLTSNLTFTVYSDLL
sp|A2T3S0|RDRP_ROTSH,68,NAT,,,,LFVEYNDVIENATLLSILSYS
sp|A2T3S0|RDRP_ROTSH,208,NSS,,,,DKPYYLVTWANSSIEMLMSVF
sp|A2T3S0|RDRP_ROTSH,236,NRS,,,,AKELIVLSYSNRSTLAKLVSS
sp|A2T3S0|RDRP_ROTSH,258,NGT,,,,MSILVALVDINGTFITNEELE
sp|A2T3S0|RDRP_ROTSH,512,NNT,,,,SYGDVTRFLSNNTMVLYTDVS
sp|A2T3S0|RDRP_ROTSH,547,NMT,,,,GIIMGLDILANMTNDAKVLQT
sp|A2T3S0|RDRP_ROTSH,760,NST,,,,LFPSERVLTTNSTFKVFDSED
sp|A2T3S0|RDRP_ROTSH,1048,NGS,,,,KLEVINYAIKNGSWISLFCNY
sp|A2T3S0|RDRP_ROTSH,1072,NIT,,,,EMIKLWKKMWNITSLRSPYTN
sp|A2T3T0|VP6_ROTSH,26,NVS,,,,DKIVEGTLYSNVSDLIQQFNQ
sp|A2T3T0|VP6_ROTSH,131,NSS,,,,AIKFKRINFDNSSEYIENWNL
sp|A2T3T0|VP6_ROTSH,167,NRS,,,,IFPYSASFTLNRSQPAHDNLM
sp|A2T3T0|VP6_ROTSH,299,NMT,,,,RLSFQLMRPPNMTPAVAVLFP
sp|A2T3T0|VP6_ROTSH,345,NVT,,,,LADASETLLANVTSVRQEYAI
sp|A2T3T0|VP6_ROTSH,366,NWT,,,,PVGPVFPPGMNWTDLITNYSP
sp|A2T3T0|VP6_ROTSH,373,NYS,,,,PGMNWTDLITNYSPSREDNLQ
sp|A2T3N5|NSP3_ROTSH,16,NSS,,,,STQQMAVSIINSSFEAAVVAA
sp|A2T3R0|NSP6_ROTSH,19,NST,,,,LFLENLLVGVNSTFHQMQKHS
